"YEAR","METRIC","COUNT","First(JURISDICTION)"
2008,"breath_tests_conducted",89354,"ACT"
2008,"breath_tests_conducted",111662,"NT"
2008,"breath_tests_conducted",661386,"WA"
2008,"breath_tests_conducted",661839,"SA"
2008,"breath_tests_conducted",678140,"TAS"
2008,"breath_tests_conducted",2883056,"QLD"
2008,"breath_tests_conducted",3516900,"VIC"
2008,"breath_tests_conducted",4204525,"NSW"
2008,"drug_tests_conducted",412,"TAS"
2008,"drug_tests_conducted",9823,"WA"
2008,"drug_tests_conducted",10747,"QLD"
2008,"drug_tests_conducted",20333,"NSW"
2008,"drug_tests_conducted",25006,"VIC"
2008,"drug_tests_conducted",25903,"SA"
2009,"breath_tests_conducted",88403,"ACT"
2009,"breath_tests_conducted",159374,"NT"
2009,"breath_tests_conducted",512595,"WA"
2009,"breath_tests_conducted",613945,"TAS"
2009,"breath_tests_conducted",716186,"SA"
2009,"breath_tests_conducted",3098664,"QLD"
2009,"breath_tests_conducted",3641499,"VIC"
2009,"breath_tests_conducted",4440862,"NSW"
2009,"drug_tests_conducted",7565,"WA"
2009,"drug_tests_conducted",12489,"QLD"
2009,"drug_tests_conducted",24884,"NSW"
2009,"drug_tests_conducted",28083,"VIC"
2009,"drug_tests_conducted",43681,"SA"
2010,"breath_tests_conducted",97612,"ACT"
2010,"breath_tests_conducted",181626,"NT"
2010,"breath_tests_conducted",551911,"WA"
2010,"breath_tests_conducted",606991,"TAS"
2010,"breath_tests_conducted",731645,"SA"
2010,"breath_tests_conducted",3199185,"QLD"
2010,"breath_tests_conducted",3864296,"VIC"
2010,"breath_tests_conducted",4637033,"NSW"
2010,"drug_tests_conducted",1427,"TAS"
2010,"drug_tests_conducted",9773,"WA"
2010,"drug_tests_conducted",21655,"QLD"
2010,"drug_tests_conducted",32455,"NSW"
2010,"drug_tests_conducted",41642,"VIC"
2010,"drug_tests_conducted",45124,"SA"
2011,"breath_tests_conducted",100217,"ACT"
2011,"breath_tests_conducted",176358,"NT"
2011,"breath_tests_conducted",559854,"TAS"
2011,"breath_tests_conducted",603484,"WA"
2011,"breath_tests_conducted",604722,"SA"
2011,"breath_tests_conducted",3369995,"QLD"
2011,"breath_tests_conducted",3513951,"VIC"
2011,"breath_tests_conducted",4520010,"NSW"
2011,"drug_tests_conducted",1678,"TAS"
2011,"drug_tests_conducted",7637,"WA"
2011,"drug_tests_conducted",25140,"VIC"
2011,"drug_tests_conducted",25172,"QLD"
2011,"drug_tests_conducted",33528,"NSW"
2011,"drug_tests_conducted",44178,"SA"
2012,"breath_tests_conducted",90817,"ACT"
2012,"breath_tests_conducted",167667,"NT"
2012,"breath_tests_conducted",542219,"SA"
2012,"breath_tests_conducted",550354,"TAS"
2012,"breath_tests_conducted",736209,"WA"
2012,"breath_tests_conducted",3483717,"QLD"
2012,"breath_tests_conducted",3943320,"VIC"
2012,"breath_tests_conducted",4735462,"NSW"
2012,"drug_tests_conducted",1698,"TAS"
2012,"drug_tests_conducted",1733,"ACT"
2012,"drug_tests_conducted",9124,"WA"
2012,"drug_tests_conducted",19686,"QLD"
2012,"drug_tests_conducted",31446,"NSW"
2012,"drug_tests_conducted",43569,"SA"
2012,"drug_tests_conducted",47745,"VIC"
2013,"breath_tests_conducted",129577,"ACT"
2013,"breath_tests_conducted",156719,"NT"
2013,"breath_tests_conducted",525003,"SA"
2013,"breath_tests_conducted",551444,"TAS"
2013,"breath_tests_conducted",897397,"WA"
2013,"breath_tests_conducted",3482898,"VIC"
2013,"breath_tests_conducted",3696689,"QLD"
2013,"breath_tests_conducted",5153136,"NSW"
2013,"drug_tests_conducted",1819,"TAS"
2013,"drug_tests_conducted",2429,"ACT"
2013,"drug_tests_conducted",7265,"WA"
2013,"drug_tests_conducted",20787,"QLD"
2013,"drug_tests_conducted",34280,"NSW"
2013,"drug_tests_conducted",39471,"VIC"
2013,"drug_tests_conducted",51179,"SA"
2014,"breath_tests_conducted",147552,"ACT"
2014,"breath_tests_conducted",175914,"NT"
2014,"breath_tests_conducted",475510,"TAS"
2014,"breath_tests_conducted",554882,"SA"
2014,"breath_tests_conducted",1236194,"WA"
2014,"breath_tests_conducted",3837417,"VIC"
2014,"breath_tests_conducted",3887768,"QLD"
2014,"breath_tests_conducted",5916338,"NSW"
2014,"drug_tests_conducted",2520,"ACT"
2014,"drug_tests_conducted",3431,"TAS"
2014,"drug_tests_conducted",14513,"WA"
2014,"drug_tests_conducted",21225,"QLD"
2014,"drug_tests_conducted",38830,"NSW"
2014,"drug_tests_conducted",49777,"SA"
2014,"drug_tests_conducted",55908,"VIC"
2015,"breath_tests_conducted",121416,"ACT"
2015,"breath_tests_conducted",181843,"NT"
2015,"breath_tests_conducted",469610,"TAS"
2015,"breath_tests_conducted",563224,"SA"
2015,"breath_tests_conducted",1579274,"WA"
2015,"breath_tests_conducted",3063830,"VIC"
2015,"breath_tests_conducted",3574901,"QLD"
2015,"breath_tests_conducted",6117884,"NSW"
2015,"drug_tests_conducted",2090,"ACT"
2015,"drug_tests_conducted",3738,"TAS"
2015,"drug_tests_conducted",29914,"WA"
2015,"drug_tests_conducted",39950,"QLD"
2015,"drug_tests_conducted",53691,"SA"
2015,"drug_tests_conducted",62247,"NSW"
2015,"drug_tests_conducted",106503,"VIC"
2016,"breath_tests_conducted",116490,"ACT"
2016,"breath_tests_conducted",171618,"NT"
2016,"breath_tests_conducted",512906,"TAS"
2016,"breath_tests_conducted",529440,"SA"
2016,"breath_tests_conducted",1926480,"WA"
2016,"breath_tests_conducted",3054233,"VIC"
2016,"breath_tests_conducted",3411115,"QLD"
2016,"breath_tests_conducted",4908582,"NSW"
2016,"drug_tests_conducted",2721,"ACT"
2016,"drug_tests_conducted",3722,"TAS"
2016,"drug_tests_conducted",35448,"WA"
2016,"drug_tests_conducted",48690,"SA"
2016,"drug_tests_conducted",50812,"QLD"
2016,"drug_tests_conducted",89101,"NSW"
2016,"drug_tests_conducted",95104,"VIC"
2017,"breath_tests_conducted",88929,"ACT"
2017,"breath_tests_conducted",199016,"NT"
2017,"breath_tests_conducted",462344,"TAS"
2017,"breath_tests_conducted",591574,"SA"
2017,"breath_tests_conducted",2549578,"WA"
2017,"breath_tests_conducted",2766038,"QLD"
2017,"breath_tests_conducted",4230974,"VIC"
2017,"breath_tests_conducted",4898088,"NSW"
2017,"drug_tests_conducted",2919,"ACT"
2017,"drug_tests_conducted",3730,"TAS"
2017,"drug_tests_conducted",38576,"WA"
2017,"drug_tests_conducted",49626,"SA"
2017,"drug_tests_conducted",62098,"QLD"
2017,"drug_tests_conducted",100475,"VIC"
2017,"drug_tests_conducted",111176,"NSW"
2018,"breath_tests_conducted",89989,"ACT"
2018,"breath_tests_conducted",143408,"NT"
2018,"breath_tests_conducted",450715,"TAS"
2018,"breath_tests_conducted",519770,"SA"
2018,"breath_tests_conducted",2094996,"WA"
2018,"breath_tests_conducted",2652739,"QLD"
2018,"breath_tests_conducted",3546342,"VIC"
2018,"breath_tests_conducted",5538320,"NSW"
2018,"drug_tests_conducted",3228,"ACT"
2018,"drug_tests_conducted",4005,"TAS"
2018,"drug_tests_conducted",40299,"WA"
2018,"drug_tests_conducted",51382,"SA"
2018,"drug_tests_conducted",67784,"QLD"
2018,"drug_tests_conducted",109780,"VIC"
2018,"drug_tests_conducted",115874,"NSW"
2019,"breath_tests_conducted",90248,"ACT"
2019,"breath_tests_conducted",155950,"NT"
2019,"breath_tests_conducted",386687,"TAS"
2019,"breath_tests_conducted",563324,"SA"
2019,"breath_tests_conducted",2135725,"WA"
2019,"breath_tests_conducted",2663066,"QLD"
2019,"breath_tests_conducted",3238498,"VIC"
2019,"breath_tests_conducted",6014549,"NSW"
2019,"drug_tests_conducted",4128,"ACT"
2019,"drug_tests_conducted",4826,"TAS"
2019,"drug_tests_conducted",39695,"WA"
2019,"drug_tests_conducted",49062,"SA"
2019,"drug_tests_conducted",66959,"QLD"
2019,"drug_tests_conducted",166351,"NSW"
2019,"drug_tests_conducted",176294,"VIC"
2020,"breath_tests_conducted",39355,"ACT"
2020,"breath_tests_conducted",103102,"NT"
2020,"breath_tests_conducted",122297,"TAS"
2020,"breath_tests_conducted",402700,"SA"
2020,"breath_tests_conducted",1153190,"VIC"
2020,"breath_tests_conducted",1292819,"WA"
2020,"breath_tests_conducted",1351230,"QLD"
2020,"breath_tests_conducted",2839850,"NSW"
2020,"drug_tests_conducted",2866,"ACT"
2020,"drug_tests_conducted",5219,"TAS"
2020,"drug_tests_conducted",27795,"WA"
2020,"drug_tests_conducted",31595,"QLD"
2020,"drug_tests_conducted",34767,"SA"
2020,"drug_tests_conducted",90749,"VIC"
2020,"drug_tests_conducted",129618,"NSW"
2021,"breath_tests_conducted",16141,"ACT"
2021,"breath_tests_conducted",81987,"NT"
2021,"breath_tests_conducted",89418,"TAS"
2021,"breath_tests_conducted",480023,"SA"
2021,"breath_tests_conducted",1343080,"VIC"
2021,"breath_tests_conducted",1569648,"QLD"
2021,"breath_tests_conducted",1975362,"WA"
2021,"breath_tests_conducted",2794704,"NSW"
2021,"drug_tests_conducted",808,"ACT"
2021,"drug_tests_conducted",1995,"NT"
2021,"drug_tests_conducted",4384,"TAS"
2021,"drug_tests_conducted",27814,"SA"
2021,"drug_tests_conducted",41409,"WA"
2021,"drug_tests_conducted",48147,"QLD"
2021,"drug_tests_conducted",105407,"NSW"
2021,"drug_tests_conducted",163764,"VIC"
2022,"breath_tests_conducted",35591,"ACT"
2022,"breath_tests_conducted",65819,"NT"
2022,"breath_tests_conducted",116300,"TAS"
2022,"breath_tests_conducted",554774,"SA"
2022,"breath_tests_conducted",1657920,"QLD"
2022,"breath_tests_conducted",2179499,"WA"
2022,"breath_tests_conducted",2203908,"VIC"
2022,"breath_tests_conducted",3825522,"NSW"
2022,"drug_tests_conducted",1119,"NT"
2022,"drug_tests_conducted",2757,"ACT"
2022,"drug_tests_conducted",4467,"TAS"
2022,"drug_tests_conducted",43627,"WA"
2022,"drug_tests_conducted",62602,"QLD"
2022,"drug_tests_conducted",64861,"SA"
2022,"drug_tests_conducted",111052,"NSW"
2022,"drug_tests_conducted",167648,"VIC"
2023,"breath_tests_conducted",2263,"ACT"
2023,"breath_tests_conducted",2319,"ACT"
2023,"breath_tests_conducted",3302,"ACT"
2023,"breath_tests_conducted",3904,"ACT"
2023,"breath_tests_conducted",4012,"ACT"
2023,"breath_tests_conducted",4054,"ACT"
2023,"breath_tests_conducted",4320,"ACT"
2023,"breath_tests_conducted",4566,"ACT"
2023,"breath_tests_conducted",5891,"ACT"
2023,"breath_tests_conducted",7208,"ACT"
2023,"breath_tests_conducted",7217,"NT"
2023,"breath_tests_conducted",7329,"NT"
2023,"breath_tests_conducted",7918,"NT"
2023,"breath_tests_conducted",7933,"NT"
2023,"breath_tests_conducted",8052,"ACT"
2023,"breath_tests_conducted",8252,"NT"
2023,"breath_tests_conducted",8263,"NT"
2023,"breath_tests_conducted",8281,"NT"
2023,"breath_tests_conducted",8566,"ACT"
2023,"breath_tests_conducted",8594,"NT"
2023,"breath_tests_conducted",9166,"TAS"
2023,"breath_tests_conducted",9247,"TAS"
2023,"breath_tests_conducted",9492,"NT"
2023,"breath_tests_conducted",9662,"TAS"
2023,"breath_tests_conducted",10379,"TAS"
2023,"breath_tests_conducted",10923,"TAS"
2023,"breath_tests_conducted",11032,"NT"
2023,"breath_tests_conducted",11289,"TAS"
2023,"breath_tests_conducted",11303,"TAS"
2023,"breath_tests_conducted",11471,"TAS"
2023,"breath_tests_conducted",11545,"NT"
2023,"breath_tests_conducted",11698,"TAS"
2023,"breath_tests_conducted",11858,"NT"
2023,"breath_tests_conducted",13151,"TAS"
2023,"breath_tests_conducted",13746,"TAS"
2023,"breath_tests_conducted",15688,"TAS"
2023,"breath_tests_conducted",35710,"SA"
2023,"breath_tests_conducted",40781,"SA"
2023,"breath_tests_conducted",41570,"SA"
2023,"breath_tests_conducted",42411,"SA"
2023,"breath_tests_conducted",45263,"SA"
2023,"breath_tests_conducted",47480,"SA"
2023,"breath_tests_conducted",53633,"SA"
2023,"breath_tests_conducted",54997,"SA"
2023,"breath_tests_conducted",57113,"SA"
2023,"breath_tests_conducted",58229,"SA"
2023,"breath_tests_conducted",60366,"SA"
2023,"breath_tests_conducted",60867,"SA"
2023,"breath_tests_conducted",114495,"WA"
2023,"breath_tests_conducted",138420,"WA"
2023,"breath_tests_conducted",141376,"WA"
2023,"breath_tests_conducted",146186,"WA"
2023,"breath_tests_conducted",152108,"WA"
2023,"breath_tests_conducted",166094,"VIC"
2023,"breath_tests_conducted",169950,"VIC"
2023,"breath_tests_conducted",170354,"WA"
2023,"breath_tests_conducted",178595,"NSW"
2023,"breath_tests_conducted",179858,"WA"
2023,"breath_tests_conducted",180012,"WA"
2023,"breath_tests_conducted",180092,"WA"
2023,"breath_tests_conducted",183265,"WA"
2023,"breath_tests_conducted",202558,"WA"
2023,"breath_tests_conducted",205822,"NSW"
2023,"breath_tests_conducted",211525,"VIC"
2023,"breath_tests_conducted",216180,"NSW"
2023,"breath_tests_conducted",216316,"NSW"
2023,"breath_tests_conducted",220727,"VIC"
2023,"breath_tests_conducted",221653,"VIC"
2023,"breath_tests_conducted",226217,"WA"
2023,"breath_tests_conducted",226310,"NSW"
2023,"breath_tests_conducted",228785,"VIC"
2023,"breath_tests_conducted",230157,"NSW"
2023,"breath_tests_conducted",243868,"NSW"
2023,"breath_tests_conducted",246786,"VIC"
2023,"breath_tests_conducted",254201,"VIC"
2023,"breath_tests_conducted",255460,"VIC"
2023,"breath_tests_conducted",266876,"NSW"
2023,"breath_tests_conducted",283381,"VIC"
2023,"breath_tests_conducted",287232,"VIC"
2023,"breath_tests_conducted",375715,"NSW"
2023,"breath_tests_conducted",381408,"VIC"
2023,"breath_tests_conducted",427185,"NSW"
2023,"breath_tests_conducted",454307,"NSW"
2023,"breath_tests_conducted",473375,"NSW"
2023,"breath_tests_conducted",1853203,"QLD"
2023,"drug_tests_conducted",26,"ACT"
2023,"drug_tests_conducted",37,"ACT"
2023,"drug_tests_conducted",55,"ACT"
2023,"drug_tests_conducted",64,"ACT"
2023,"drug_tests_conducted",68,"ACT"
2023,"drug_tests_conducted",76,"ACT"
2023,"drug_tests_conducted",79,"ACT"
2023,"drug_tests_conducted",98,"ACT"
2023,"drug_tests_conducted",102,"ACT"
2023,"drug_tests_conducted",133,"ACT"
2023,"drug_tests_conducted",134,"ACT"
2023,"drug_tests_conducted",178,"ACT"
2023,"drug_tests_conducted",309,"TAS"
2023,"drug_tests_conducted",313,"TAS"
2023,"drug_tests_conducted",323,"TAS"
2023,"drug_tests_conducted",345,"TAS"
2023,"drug_tests_conducted",346,"TAS"
2023,"drug_tests_conducted",435,"TAS"
2023,"drug_tests_conducted",442,"TAS"
2023,"drug_tests_conducted",452,"TAS"
2023,"drug_tests_conducted",458,"TAS"
2023,"drug_tests_conducted",459,"TAS"
2023,"drug_tests_conducted",463,"TAS"
2023,"drug_tests_conducted",580,"TAS"
2023,"drug_tests_conducted",1379,"WA"
2023,"drug_tests_conducted",1579,"WA"
2023,"drug_tests_conducted",2944,"WA"
2023,"drug_tests_conducted",2977,"SA"
2023,"drug_tests_conducted",3445,"WA"
2023,"drug_tests_conducted",3540,"WA"
2023,"drug_tests_conducted",3549,"SA"
2023,"drug_tests_conducted",3612,"SA"
2023,"drug_tests_conducted",3783,"WA"
2023,"drug_tests_conducted",3784,"WA"
2023,"drug_tests_conducted",4031,"WA"
2023,"drug_tests_conducted",4118,"SA"
2023,"drug_tests_conducted",4335,"SA"
2023,"drug_tests_conducted",4389,"SA"
2023,"drug_tests_conducted",4400,"SA"
2023,"drug_tests_conducted",4521,"WA"
2023,"drug_tests_conducted",4552,"SA"
2023,"drug_tests_conducted",4665,"WA"
2023,"drug_tests_conducted",4877,"SA"
2023,"drug_tests_conducted",5045,"SA"
2023,"drug_tests_conducted",5319,"SA"
2023,"drug_tests_conducted",5405,"SA"
2023,"drug_tests_conducted",5664,"WA"
2023,"drug_tests_conducted",6566,"WA"
2023,"drug_tests_conducted",8478,"NSW"
2023,"drug_tests_conducted",8713,"NSW"
2023,"drug_tests_conducted",9060,"NSW"
2023,"drug_tests_conducted",9184,"NSW"
2023,"drug_tests_conducted",9301,"NSW"
2023,"drug_tests_conducted",10515,"VIC"
2023,"drug_tests_conducted",11531,"NSW"
2023,"drug_tests_conducted",11682,"VIC"
2023,"drug_tests_conducted",11706,"VIC"
2023,"drug_tests_conducted",11708,"NSW"
2023,"drug_tests_conducted",11736,"VIC"
2023,"drug_tests_conducted",11924,"VIC"
2023,"drug_tests_conducted",12265,"VIC"
2023,"drug_tests_conducted",12337,"VIC"
2023,"drug_tests_conducted",12582,"NSW"
2023,"drug_tests_conducted",12979,"VIC"
2023,"drug_tests_conducted",13093,"VIC"
2023,"drug_tests_conducted",13753,"VIC"
2023,"drug_tests_conducted",13887,"VIC"
2023,"drug_tests_conducted",14159,"VIC"
2023,"drug_tests_conducted",14306,"NSW"
2023,"drug_tests_conducted",14578,"NSW"
2023,"drug_tests_conducted",16007,"NSW"
2023,"drug_tests_conducted",34162,"NSW"
2023,"drug_tests_conducted",57099,"QLD"
2024,"breath_tests_conducted",3245,"NT"
2024,"breath_tests_conducted",3698,"ACT"
2024,"breath_tests_conducted",4139,"ACT"
2024,"breath_tests_conducted",4147,"NT"
2024,"breath_tests_conducted",4365,"ACT"
2024,"breath_tests_conducted",4494,"ACT"
2024,"breath_tests_conducted",4979,"ACT"
2024,"breath_tests_conducted",5470,"ACT"
2024,"breath_tests_conducted",5672,"ACT"
2024,"breath_tests_conducted",5770,"NT"
2024,"breath_tests_conducted",5776,"ACT"
2024,"breath_tests_conducted",6020,"ACT"
2024,"breath_tests_conducted",6730,"NT"
2024,"breath_tests_conducted",7403,"NT"
2024,"breath_tests_conducted",7673,"TAS"
2024,"breath_tests_conducted",8194,"ACT"
2024,"breath_tests_conducted",8696,"NT"
2024,"breath_tests_conducted",8707,"ACT"
2024,"breath_tests_conducted",8819,"NT"
2024,"breath_tests_conducted",8963,"TAS"
2024,"breath_tests_conducted",9329,"TAS"
2024,"breath_tests_conducted",9377,"TAS"
2024,"breath_tests_conducted",9633,"TAS"
2024,"breath_tests_conducted",9776,"NT"
2024,"breath_tests_conducted",9995,"TAS"
2024,"breath_tests_conducted",10084,"TAS"
2024,"breath_tests_conducted",10285,"TAS"
2024,"breath_tests_conducted",10321,"TAS"
2024,"breath_tests_conducted",11005,"NT"
2024,"breath_tests_conducted",11397,"TAS"
2024,"breath_tests_conducted",11456,"TAS"
2024,"breath_tests_conducted",11706,"NT"
2024,"breath_tests_conducted",12295,"NT"
2024,"breath_tests_conducted",16232,"NT"
2024,"breath_tests_conducted",17679,"TAS"
2024,"breath_tests_conducted",18584,"ACT"
2024,"breath_tests_conducted",36293,"SA"
2024,"breath_tests_conducted",36853,"SA"
2024,"breath_tests_conducted",38059,"SA"
2024,"breath_tests_conducted",38385,"SA"
2024,"breath_tests_conducted",42085,"SA"
2024,"breath_tests_conducted",42232,"SA"
2024,"breath_tests_conducted",45930,"SA"
2024,"breath_tests_conducted",46259,"SA"
2024,"breath_tests_conducted",47743,"SA"
2024,"breath_tests_conducted",54670,"SA"
2024,"breath_tests_conducted",57035,"SA"
2024,"breath_tests_conducted",59658,"SA"
2024,"breath_tests_conducted",143887,"WA"
2024,"breath_tests_conducted",148805,"WA"
2024,"breath_tests_conducted",152211,"WA"
2024,"breath_tests_conducted",154745,"WA"
2024,"breath_tests_conducted",163479,"WA"
2024,"breath_tests_conducted",164433,"WA"
2024,"breath_tests_conducted",166235,"NSW"
2024,"breath_tests_conducted",174150,"NSW"
2024,"breath_tests_conducted",174566,"WA"
2024,"breath_tests_conducted",180192,"WA"
2024,"breath_tests_conducted",189555,"VIC"
2024,"breath_tests_conducted",198934,"VIC"
2024,"breath_tests_conducted",200413,"NSW"
2024,"breath_tests_conducted",200567,"WA"
2024,"breath_tests_conducted",200575,"WA"
2024,"breath_tests_conducted",201826,"WA"
2024,"breath_tests_conducted",205087,"NSW"
2024,"breath_tests_conducted",217383,"VIC"
2024,"breath_tests_conducted",232005,"WA"
2024,"breath_tests_conducted",247507,"VIC"
2024,"breath_tests_conducted",254818,"NSW"
2024,"breath_tests_conducted",265944,"VIC"
2024,"breath_tests_conducted",274588,"VIC"
2024,"breath_tests_conducted",275190,"VIC"
2024,"breath_tests_conducted",285780,"NSW"
2024,"breath_tests_conducted",290199,"NSW"
2024,"breath_tests_conducted",307056,"NSW"
2024,"breath_tests_conducted",317485,"NSW"
2024,"breath_tests_conducted",334209,"VIC"
2024,"breath_tests_conducted",342521,"NSW"
2024,"breath_tests_conducted",361346,"NSW"
2024,"breath_tests_conducted",527498,"NSW"
2024,"breath_tests_conducted",1868017,"QLD"
2024,"drug_tests_conducted",107,"ACT"
2024,"drug_tests_conducted",109,"ACT"
2024,"drug_tests_conducted",111,"ACT"
2024,"drug_tests_conducted",117,"ACT"
2024,"drug_tests_conducted",118,"ACT"
2024,"drug_tests_conducted",127,"ACT"
2024,"drug_tests_conducted",132,"ACT"
2024,"drug_tests_conducted",145,"ACT"
2024,"drug_tests_conducted",152,"ACT"
2024,"drug_tests_conducted",159,"ACT"
2024,"drug_tests_conducted",183,"ACT"
2024,"drug_tests_conducted",320,"TAS"
2024,"drug_tests_conducted",351,"TAS"
2024,"drug_tests_conducted",383,"TAS"
2024,"drug_tests_conducted",405,"TAS"
2024,"drug_tests_conducted",428,"TAS"
2024,"drug_tests_conducted",439,"TAS"
2024,"drug_tests_conducted",449,"TAS"
2024,"drug_tests_conducted",470,"TAS"
2024,"drug_tests_conducted",493,"TAS"
2024,"drug_tests_conducted",501,"TAS"
2024,"drug_tests_conducted",518,"TAS"
2024,"drug_tests_conducted",541,"TAS"
2024,"drug_tests_conducted",3253,"WA"
2024,"drug_tests_conducted",3362,"SA"
2024,"drug_tests_conducted",3505,"SA"
2024,"drug_tests_conducted",3532,"WA"
2024,"drug_tests_conducted",3718,"WA"
2024,"drug_tests_conducted",3846,"SA"
2024,"drug_tests_conducted",4060,"SA"
2024,"drug_tests_conducted",4077,"WA"
2024,"drug_tests_conducted",4208,"SA"
2024,"drug_tests_conducted",4284,"SA"
2024,"drug_tests_conducted",4342,"SA"
2024,"drug_tests_conducted",4363,"WA"
2024,"drug_tests_conducted",4385,"WA"
2024,"drug_tests_conducted",4529,"SA"
2024,"drug_tests_conducted",4552,"SA"
2024,"drug_tests_conducted",4844,"SA"
2024,"drug_tests_conducted",5127,"WA"
2024,"drug_tests_conducted",5132,"WA"
2024,"drug_tests_conducted",5504,"WA"
2024,"drug_tests_conducted",5533,"SA"
2024,"drug_tests_conducted",5656,"SA"
2024,"drug_tests_conducted",5718,"WA"
2024,"drug_tests_conducted",5741,"WA"
2024,"drug_tests_conducted",6669,"WA"
2024,"drug_tests_conducted",10992,"VIC"
2024,"drug_tests_conducted",11017,"VIC"
2024,"drug_tests_conducted",11100,"VIC"
2024,"drug_tests_conducted",11526,"VIC"
2024,"drug_tests_conducted",12203,"VIC"
2024,"drug_tests_conducted",12354,"NSW"
2024,"drug_tests_conducted",12584,"VIC"
2024,"drug_tests_conducted",12747,"NSW"
2024,"drug_tests_conducted",12924,"VIC"
2024,"drug_tests_conducted",13612,"VIC"
2024,"drug_tests_conducted",14327,"NSW"
2024,"drug_tests_conducted",17333,"NSW"
2024,"drug_tests_conducted",18827,"NSW"
2024,"drug_tests_conducted",18967,"NSW"
2024,"drug_tests_conducted",19545,"NSW"
2024,"drug_tests_conducted",21816,"NSW"
2024,"drug_tests_conducted",22072,"NSW"
2024,"drug_tests_conducted",22665,"NSW"
2024,"drug_tests_conducted",23383,"NSW"
2024,"drug_tests_conducted",27222,"NSW"
2024,"drug_tests_conducted",56662,"QLD"
